FIPS,without_decimal,Percent_Below_Poverty
48431,243,2.43
48033,261,2.61
49029,277,2.77
8035,307,3.07
51610,317,3.17
20203,329,3.29
51107,339,3.39
49009,348,3.48
38075,366,3.66
48243,390,3.9
46021,400,4
27019,409,4.09
46083,410,4.1
17133,413,4.13
38081,418,4.18
27163,429,4.29
47187,435,4.35
35028,436,4.36
51179,443,4.43
16081,449,4.49
17093,450,4.5
34019,452,4.52
39165,455,4.55
18057,458,4.58
55131,461,4.61
27171,461,4.61
24009,461,4.61
33015,464,4.64
19119,464,4.64
46117,466,4.66
46045,468,4.68
48397,475,4.75
34027,478,4.78
39041,481,4.81
30019,481,4.81
8039,481,4.81
55133,483,4.83
8047,488,4.88
20197,488,4.88
34037,494,4.94
51199,494,4.94
36079,498,4.98
24027,500,5
18063,500,5
19121,503,5.03
31135,503,5.03
51099,512,5.12
34035,514,5.14
27039,514,5.14
31081,517,5.17
29183,518,5.18
17147,518,5.18
26093,521,5.21
24013,521,5.21
19049,522,5.22
51075,522,5.22
38021,523,5.23
55109,524,5.24
8111,526,5.26
20179,527,5.27
51085,529,5.29
31149,531,5.31
55089,534,5.34
46003,535,5.35
51145,536,5.36
20091,537,5.37
49011,541,5.41
31073,544,5.44
48261,546,5.46
51065,548,5.48
32017,550,5.5
27139,551,5.51
13113,554,5.54
36059,556,5.56
8014,557,5.57
48259,558,5.58
49043,560,5.6
19075,560,5.6
51735,564,5.64
46057,568,5.68
20069,568,5.68
13117,569,5.69
2195,573,5.73
39055,575,5.75
38091,575,5.75
30097,575,5.75
24035,575,5.75
55015,578,5.78
24003,579,5.79
51061,581,5.81
30083,582,5.82
36091,584,5.84
31007,584,5.84
31011,584,5.84
38013,586,5.86
42017,587,5.87
21185,588,5.88
27003,589,5.89
39159,589,5.89
56033,590,5.9
42091,592,5.92
49051,593,5.93
31153,595,5.95
18011,595,5.95
27025,597,5.97
30033,598,5.98
39103,603,6.03
27037,605,6.05
20171,605,6.05
8063,606,6.06
8095,608,6.08
48205,609,6.09
26089,611,6.11
38105,612,6.12
51059,612,6.12
56039,615,6.15
34005,615,6.15
51069,616,6.16
41027,617,6.17
13219,617,6.17
30055,619,6.19
13145,620,6.2
49045,621,6.21
31167,621,6.21
29165,622,6.22
48085,629,6.29
19167,630,6.3
46043,631,6.31
25021,632,6.32
24017,633,6.33
51079,635,6.35
51685,637,6.37
17043,637,6.37
20145,637,6.37
2230,638,6.38
19147,639,6.39
18087,641,6.41
48491,642,6.42
38073,642,6.42
27141,642,6.42
39107,643,6.43
38097,643,6.43
25001,643,6.43
42029,644,6.44
51023,645,6.45
31159,649,6.49
20119,651,6.51
33013,653,6.53
51113,656,6.56
51153,665,6.65
18059,665,6.65
34003,665,6.65
19037,669,6.69
6081,671,6.71
8097,672,6.72
20097,672,6.72
27093,672,6.72
17197,675,6.75
51041,679,6.79
51013,679,6.79
31025,682,6.82
46097,682,6.82
24031,683,6.83
24021,684,6.84
2016,684,6.84
16051,685,6.85
19131,686,6.86
36103,687,6.87
46093,687,6.87
40053,688,6.88
27089,688,6.88
20121,689,6.89
18173,690,6.9
31039,690,6.9
9005,691,6.91
51127,691,6.91
51161,692,6.92
19031,692,6.92
20195,693,6.93
9007,694,6.94
34025,694,6.94
27015,694,6.94
42041,695,6.95
17111,697,6.97
51177,697,6.97
17203,704,7.04
55045,706,7.06
17189,709,7.09
8059,710,7.1
46063,712,7.12
27101,713,7.13
55021,713,7.13
18115,715,7.15
38057,716,7.16
31027,716,7.16
27121,718,7.18
24025,718,7.18
8091,718,7.18
2060,718,7.18
21015,718,7.18
50001,719,7.19
31023,720,7.2
30095,721,7.21
38031,722,7.22
16085,722,7.22
6041,723,7.23
17139,724,7.24
38047,724,7.24
55117,724,7.24
51095,725,7.25
8093,731,7.31
51810,732,7.32
53069,732,7.32
27059,732,7.32
9013,735,7.35
18161,738,7.38
38067,738,7.38
25023,738,7.38
29157,739,7.39
29151,739,7.39
19017,739,7.39
2282,740,7.4
48157,741,7.41
38059,741,7.41
18081,742,7.42
34015,743,7.43
23031,743,7.43
39175,744,7.44
25017,744,7.44
18113,744,7.44
20071,745,7.45
44001,745,7.45
13073,746,7.46
1117,748,7.48
13057,748,7.48
20087,750,7.5
38033,750,7.5
31103,750,7.5
53061,750,7.5
50013,751,7.51
46107,751,7.51
6085,752,7.52
38087,755,7.55
34041,756,7.56
25007,757,7.57
55029,759,7.59
44003,760,7.6
27041,760,7.6
17063,761,7.61
19015,761,7.61
20095,761,7.61
51043,762,7.62
39137,763,7.63
48091,763,7.63
48121,764,7.64
46061,766,7.66
31143,766,7.66
2110,768,7.68
47189,769,7.69
47127,770,7.7
17027,770,7.7
31069,772,7.72
27157,774,7.74
26015,774,7.74
6061,774,7.74
38011,775,7.75
42001,775,7.75
40087,776,7.76
8019,776,7.76
55061,777,7.77
33011,777,7.77
6055,778,7.78
51047,779,7.79
55087,779,7.79
2150,780,7.8
17071,781,7.81
19125,781,7.81
30043,781,7.81
2261,782,7.82
20163,782,7.82
2275,783,7.83
31089,783,7.83
31031,783,7.83
53029,784,7.84
55121,784,7.84
39051,785,7.85
30039,786,7.86
27063,786,7.86
55085,786,7.86
38039,787,7.87
49003,788,7.88
29003,789,7.89
27055,790,7.9
54065,790,7.9
31093,791,7.91
31177,792,7.92
17097,793,7.93
27143,794,7.94
46073,795,7.95
46119,795,7.95
38055,796,7.96
31139,797,7.97
51683,797,7.97
8117,798,7.98
19165,798,7.98
38065,798,7.98
32011,798,7.98
2090,799,7.99
8037,800,8
41005,800,8
38025,806,8.06
38015,807,8.07
48345,807,8.07
39085,808,8.08
24037,808,8.08
48103,809,8.09
48367,809,8.09
27135,809,8.09
20027,809,8.09
20109,809,8.09
20149,809,8.09
8005,809,8.09
15007,810,8.1
51149,813,8.13
31155,814,8.14
32029,816,8.16
29047,817,8.17
8119,817,8.17
18073,817,8.17
19181,817,8.17
13223,817,8.17
51137,817,8.17
46077,818,8.18
26125,818,8.18
12109,818,8.18
12119,818,8.18
46059,821,8.21
19191,822,8.22
56023,823,8.23
19059,824,8.24
37179,824,8.24
42019,824,8.24
48211,824,8.24
40017,825,8.25
17179,826,8.26
55027,827,8.27
19073,828,8.28
15003,830,8.3
48065,830,8.3
28121,831,8.31
38049,832,8.32
27073,832,8.32
19129,833,8.33
55055,834,8.34
31171,837,8.37
39011,838,8.38
6017,838,8.38
55039,840,8.4
39069,841,8.41
48501,841,8.41
30057,842,8.42
18179,842,8.42
6069,843,8.43
51101,843,8.43
27109,843,8.43
56029,845,8.45
48381,846,8.46
46091,848,8.48
48317,848,8.48
24033,848,8.48
17155,848,8.48
13103,848,8.48
34023,849,8.49
30007,851,8.51
27085,851,8.51
20103,851,8.51
13151,852,8.52
26139,852,8.52
31165,853,8.53
17085,853,8.53
18159,854,8.54
31097,854,8.54
27079,854,8.54
46127,856,8.56
51550,857,8.57
19027,858,8.58
13085,858,8.58
42095,858,8.58
31115,860,8.6
38103,861,8.61
44009,862,8.62
8045,862,8.62
19195,862,8.62
33001,864,8.64
50011,865,8.65
36069,866,8.66
48137,866,8.66
51015,866,8.66
24041,866,8.66
2220,866,8.66
31141,867,8.67
19077,868,8.68
19019,869,8.69
20115,869,8.69
38001,869,8.69
48039,870,8.7
6013,870,8.7
19159,870,8.7
53035,871,8.71
27075,871,8.71
25019,871,8.71
32005,872,8.72
46039,873,8.73
44005,874,8.74
31123,874,8.74
19095,874,8.74
48017,875,8.75
51157,875,8.75
38089,876,8.76
48139,876,8.76
16029,876,8.76
20113,877,8.77
20131,877,8.77
8007,877,8.77
31049,877,8.77
51165,880,8.8
51033,880,8.8
51073,880,8.8
19011,881,8.81
31059,882,8.82
46111,882,8.82
26037,882,8.82
39149,882,8.82
55049,882,8.82
36119,884,8.84
51045,885,8.85
27107,885,8.85
29049,887,8.87
30025,888,8.88
9001,889,8.89
51917,890,8.9
41067,892,8.92
32009,893,8.93
18129,893,8.93
20117,894,8.94
6111,894,8.94
53033,894,8.94
27147,894,8.94
31063,895,8.95
12115,895,8.95
19189,897,8.97
39025,897,8.97
47165,897,8.97
29037,897,8.97
38023,898,8.98
37055,898,8.98
33005,898,8.98
33003,899,8.99
51175,899,8.99
29073,899,8.99
20127,899,8.99
19089,901,9.01
21029,901,9.01
48031,901,9.01
27133,901,9.01
2020,903,9.03
55069,903,9.03
46025,904,9.04
36027,904,9.04
23005,904,9.04
18013,904,9.04
18037,904,9.04
19099,904,9.04
19105,904,9.04
24047,905,9.05
24005,905,9.05
49001,906,9.06
31015,906,9.06
51775,906,9.06
18047,906,9.06
49019,907,9.07
38099,908,9.08
19149,908,9.08
13067,910,9.1
37183,910,9.1
39097,911,9.11
48187,911,9.11
48359,911,9.11
46051,912,9.12
51003,912,9.12
18029,912,9.12
55083,913,9.13
56011,914,9.14
40003,914,9.14
26047,914,9.14
39109,915,9.15
51087,915,9.15
55095,915,9.15
8067,915,9.15
48011,916,9.16
27131,916,9.16
28033,917,9.17
55073,917,9.17
5125,918,9.18
19055,918,9.18
37029,918,9.18
27167,918,9.18
46105,918,9.18
48003,919,9.19
49035,919,9.19
50027,920,9.2
39045,920,9.2
31071,920,9.2
21179,921,9.21
6097,922,9.22
20105,922,9.22
18181,923,9.23
13211,923,9.23
42125,923,9.23
48339,925,9.25
42055,925,9.25
17065,925,9.25
53011,926,9.26
55093,927,9.27
51600,927,9.27
15009,928,9.28
20053,929,9.29
42099,929,9.29
31107,929,9.29
17107,930,9.3
17129,930,9.3
18147,930,9.3
18051,931,9.31
6027,931,9.31
48159,931,9.31
27111,932,9.32
38007,933,9.33
27049,933,9.33
18151,933,9.33
30069,934,9.34
27023,934,9.34
48443,938,9.38
9011,940,9.4
17089,940,9.4
31175,941,9.41
20199,943,9.43
20023,944,9.44
5007,944,9.44
55011,944,9.44
56025,945,9.45
38101,946,9.46
31051,946,9.46
8049,946,9.46
37053,947,9.47
36113,947,9.47
33017,947,9.47
42047,948,9.48
26019,948,9.48
48171,949,9.49
20015,949,9.49
34039,950,9.5
17141,953,9.53
13231,953,9.53
42103,954,9.54
6095,955,9.55
31137,956,9.56
48329,956,9.56
46067,957,9.57
48383,957,9.57
33009,957,9.57
31033,957,9.57
29099,958,9.58
2130,958,9.58
20079,958,9.58
48493,959,9.59
38009,959,9.59
38041,961,9.61
28089,961,9.61
19093,961,9.61
56009,962,9.62
42133,962,9.62
49055,962,9.62
18015,963,9.63
19139,963,9.63
8057,964,9.64
23023,964,9.64
26055,964,9.64
30009,965,9.65
27051,965,9.65
17131,965,9.65
12113,965,9.65
19083,965,9.65
18183,966,9.66
6091,966,9.66
46087,967,9.67
31029,967,9.67
39117,970,9.7
32015,970,9.7
50017,970,9.7
25011,970,9.7
31169,971,9.71
27161,971,9.71
46129,972,9.72
54037,972,9.72
21215,974,9.74
29189,974,9.74
48221,975,9.75
51103,975,9.75
8015,975,9.75
34009,976,9.76
31185,977,9.77
54079,977,9.77
55009,977,9.77
36053,978,9.78
30111,979,9.79
19085,979,9.79
24015,979,9.79
8053,980,9.8
19079,981,9.81
20147,981,9.81
18043,982,9.82
18085,982,9.82
37149,983,9.83
20059,984,9.84
20065,984,9.84
17083,986,9.86
12085,986,9.86
19183,986,9.86
23013,986,9.86
19161,987,9.87
36031,987,9.87
27103,987,9.87
39125,988,9.88
38051,988,9.88
40131,988,9.88
22023,988,9.88
19051,988,9.88
13047,988,9.88
18127,989,9.89
20143,989,9.89
38029,989,9.89
36041,989,9.89
31099,989,9.89
27155,989,9.89
46115,989,9.89
31111,990,9.9
55111,990,9.9
55119,991,9.91
6001,991,9.91
19107,991,9.91
19157,992,9.92
56021,992,9.92
51187,994,9.94
39075,995,9.95
6005,995,9.95
20047,996,9.96
29043,996,9.96
46099,996,9.96
55071,997,9.97
27129,998,9.98
27065,998,9.98
42045,999,9.99
15005,1000,10
20063,1000,10
8123,1001,10.01
42129,1001,10.01
48089,1001,10.01
41007,1003,10.03
19081,1003,10.03
19173,1004,10.04
51119,1004,10.04
50021,1006,10.06
30091,1007,10.07
29087,1007,10.07
17007,1007,10.07
8041,1008,10.08
18019,1008,10.08
26087,1008,10.08
47119,1009,10.09
34029,1009,10.09
29129,1009,10.09
39123,1010,10.1
51091,1010,10.1
26029,1011,10.11
25027,1012,10.12
27127,1012,10.12
27011,1012,10.12
39135,1014,10.14
39021,1015,10.15
36107,1015,10.15
42071,1015,10.15
48053,1015,10.15
56035,1015,10.15
2185,1015,10.15
19033,1015,10.15
26045,1015,10.15
19115,1015,10.15
37037,1016,10.16
51071,1017,10.17
39039,1018,10.18
31077,1018,10.18
27097,1018,10.18
47169,1019,10.19
20135,1019,10.19
17047,1020,10.2
19113,1020,10.2
13227,1020,10.2
49057,1020,10.2
20129,1021,10.21
53055,1022,10.22
45013,1022,10.22
37025,1022,10.22
48251,1024,10.24
12019,1024,10.24
8017,1024,10.24
26155,1026,10.26
55141,1027,10.27
55017,1028,10.28
51021,1029,10.29
53023,1029,10.29
2170,1029,10.29
55037,1030,10.3
51510,1031,10.31
19023,1031,10.31
20165,1032,10.32
27009,1032,10.32
51063,1034,10.34
2105,1034,10.34
6075,1034,10.34
1003,1035,10.35
40145,1035,10.35
29051,1035,10.35
51800,1036,10.36
26005,1036,10.36
25009,1036,10.36
30049,1037,10.37
53067,1038,10.38
41021,1039,10.39
55135,1039,10.39
16041,1039,10.39
24023,1040,10.4
19153,1040,10.4
21157,1041,10.41
48155,1041,10.41
42131,1042,10.42
53053,1043,10.43
26111,1043,10.43
38061,1044,10.44
38095,1045,10.45
46013,1045,10.45
42109,1045,10.45
27125,1045,10.45
27053,1045,10.45
42093,1046,10.46
29071,1046,10.46
45091,1047,10.47
36121,1047,10.47
55115,1047,10.47
55091,1047,10.47
16019,1048,10.48
39089,1049,10.49
20075,1050,10.5
56043,1051,10.51
39037,1051,10.51
27067,1051,10.51
31083,1052,10.52
51093,1052,10.52
20033,1052,10.52
19135,1053,10.53
20081,1053,10.53
31035,1053,10.53
41025,1054,10.54
18109,1054,10.54
12089,1055,10.55
48269,1055,10.55
46069,1055,10.55
50023,1055,10.55
26099,1056,10.56
19071,1056,10.56
8103,1057,10.57
35027,1057,10.57
47021,1057,10.57
31057,1058,10.58
17123,1058,10.58
22005,1061,10.61
26083,1061,10.61
17049,1063,10.63
48299,1063,10.63
49049,1064,10.64
29027,1064,10.64
55127,1064,10.64
38017,1065,10.65
55077,1065,10.65
12117,1065,10.65
17195,1066,10.66
48285,1066,10.66
31067,1066,10.66
48059,1067,10.67
19141,1067,10.67
13077,1068,10.68
13135,1068,10.68
46009,1068,10.68
37031,1069,10.69
51007,1069,10.69
48319,1070,10.7
55005,1071,10.71
19087,1071,10.71
48497,1072,10.72
16015,1073,10.73
19155,1073,10.73
17015,1074,10.74
19151,1074,10.74
27045,1074,10.74
27077,1075,10.75
38043,1076,10.76
27035,1077,10.77
17087,1077,10.77
39063,1078,10.78
31181,1079,10.79
41017,1079,10.79
9003,1080,10.8
17073,1081,10.81
17173,1081,10.81
13311,1082,10.82
23009,1082,10.82
42075,1082,10.82
40103,1082,10.82
38027,1083,10.83
17041,1083,10.83
20157,1084,10.84
42067,1084,10.84
31105,1084,10.84
16001,1085,10.85
19041,1085,10.85
8001,1085,10.85
2240,1086,10.86
6059,1086,10.86
20201,1086,10.86
51017,1087,10.87
36037,1087,10.87
54023,1087,10.87
27081,1088,10.88
19001,1088,10.88
19109,1088,10.88
25003,1089,10.89
50003,1089,10.89
38077,1090,10.9
18069,1090,10.9
20025,1090,10.9
12091,1091,10.91
55025,1091,10.91
46125,1091,10.91
37097,1092,10.92
8107,1092,10.92
18079,1092,10.92
37089,1094,10.94
30029,1094,10.94
12087,1095,10.95
19005,1096,10.96
8087,1097,10.97
20153,1097,10.97
51031,1097,10.97
27033,1097,10.97
38019,1098,10.98
27113,1099,10.99
55007,1100,11
31131,1100,11
18061,1100,11
27005,1100,11
27047,1101,11.01
42007,1102,11.02
29113,1102,11.02
26009,1102,11.02
6057,1104,11.04
31065,1104,11.04
27115,1104,11.04
48281,1107,11.07
42005,1107,11.07
12015,1107,11.07
31003,1108,11.08
31085,1109,11.09
51790,1110,11.1
47149,1110,11.1
47009,1110,11.1
19035,1110,11.1
39161,1111,11.11
30105,1112,11.12
30021,1112,11.12
46135,1112,11.12
17023,1112,11.12
26115,1112,11.12
18045,1112,11.12
20167,1114,11.14
20083,1115,11.15
26003,1116,11.16
55137,1117,11.17
39171,1117,11.17
16011,1118,11.18
42089,1120,11.2
12021,1121,11.21
21211,1122,11.22
48021,1123,11.23
31129,1123,11.23
48093,1123,11.23
27069,1123,11.23
55065,1124,11.24
31095,1124,11.24
46065,1125,11.25
22089,1125,11.25
2100,1126,11.26
18145,1126,11.26
20183,1126,11.26
32031,1126,11.26
47105,1127,11.27
42057,1127,11.27
31087,1127,11.27
48335,1127,11.27
39169,1128,11.28
13157,1128,11.28
27017,1129,11.29
17039,1130,11.3
10005,1130,11.3
55081,1130,11.3
36115,1130,11.3
48325,1130,11.3
30031,1130,11.3
53013,1131,11.31
38053,1132,11.32
37125,1133,11.33
31113,1133,11.33
55139,1133,11.33
8113,1133,11.33
25005,1133,11.33
18133,1134,11.34
56041,1134,11.34
38003,1134,11.34
32510,1134,11.34
18033,1135,11.35
20029,1135,11.35
16071,1136,11.36
19065,1136,11.36
48257,1136,11.36
39091,1137,11.37
40007,1137,11.37
26091,1137,11.37
10003,1138,11.38
51115,1138,11.38
31125,1140,11.4
9015,1140,11.4
6009,1142,11.42
19061,1142,11.42
46101,1142,11.42
46019,1143,11.43
12061,1143,11.43
16077,1144,11.44
18107,1144,11.44
20177,1144,11.44
42127,1144,11.44
36093,1145,11.45
19145,1145,11.45
18031,1146,11.46
56037,1146,11.46
45045,1146,11.46
56015,1146,11.46
40153,1146,11.46
26101,1147,11.47
22103,1147,11.47
20067,1148,11.48
21117,1148,11.48
27043,1149,11.49
31041,1150,11.5
30017,1150,11.5
1051,1151,11.51
20181,1151,11.51
24029,1152,11.52
23007,1152,11.52
20169,1152,11.52
38063,1152,11.52
51171,1152,11.52
47147,1153,11.53
40051,1153,11.53
18169,1153,11.53
19043,1153,11.53
29186,1154,11.54
21209,1155,11.55
37119,1157,11.57
36021,1157,11.57
31127,1157,11.57
41065,1157,11.57
53017,1158,11.58
8069,1159,11.59
6073,1159,11.59
17013,1160,11.6
39057,1160,11.6
55053,1161,11.61
17009,1161,11.61
36117,1162,11.62
39143,1162,11.62
32019,1163,11.63
42003,1163,11.63
49015,1164,11.64
34021,1164,11.64
17033,1164,11.64
36085,1165,11.65
36071,1165,11.65
33019,1165,11.65
41009,1166,11.66
20151,1166,11.66
19009,1167,11.67
20085,1167,11.67
55047,1168,11.68
39043,1169,11.69
30077,1169,11.69
27117,1169,11.69
19197,1169,11.69
18101,1170,11.7
8013,1170,11.7
36083,1171,11.71
48265,1171,11.71
42025,1171,11.71
32007,1171,11.71
48173,1172,11.72
26081,1172,11.72
18125,1173,11.73
48023,1173,11.73
53007,1174,11.74
16055,1174,11.74
9009,1174,11.74
12081,1175,11.75
21091,1175,11.75
26043,1175,11.75
31145,1175,11.75
48311,1176,11.76
48393,1176,11.76
55033,1176,11.76
21221,1176,11.76
18171,1176,11.76
27119,1176,11.76
8121,1177,11.77
20017,1177,11.77
37019,1177,11.77
49053,1178,11.78
27173,1178,11.78
23001,1178,11.78
31079,1179,11.79
48051,1179,11.79
51109,1180,11.8
19117,1180,11.8
26067,1180,11.8
27057,1182,11.82
42119,1182,11.82
12009,1183,11.83
20191,1184,11.84
48401,1184,11.84
48149,1186,11.86
30059,1186,11.86
29177,1186,11.86
36001,1187,11.87
27153,1187,11.87
20041,1187,11.87
48433,1188,11.88
45015,1189,11.89
48135,1190,11.9
42009,1190,11.9
36123,1191,11.91
18137,1191,11.91
18175,1191,11.91
18123,1193,11.93
53005,1193,11.93
18027,1194,11.94
19171,1195,11.95
48009,1195,11.95
48439,1195,11.95
48453,1196,11.96
22125,1196,11.96
20193,1196,11.96
19137,1198,11.98
53057,1198,11.98
29013,1198,11.98
55031,1198,11.98
12069,1199,11.99
20101,1199,11.99
18153,1200,12
42011,1200,12
31121,1200,12
32027,1201,12.01
29135,1201,12.01
40027,1201,12.01
17045,1201,12.01
17185,1201,12.01
12003,1202,12.02
48147,1202,12.02
42115,1202,12.02
48477,1203,12.03
31055,1203,12.03
48313,1203,12.03
19127,1203,12.03
55097,1205,12.05
40073,1206,12.06
56019,1206,12.06
48199,1207,12.07
30109,1207,12.07
29005,1207,12.07
6051,1207,12.07
19163,1207,12.07
2122,1208,12.08
26027,1208,12.08
37109,1208,12.08
55019,1208,12.08
50007,1208,12.08
29053,1208,12.08
13297,1209,12.09
19101,1209,12.09
45035,1210,12.1
36095,1210,12.1
36011,1210,12.1
48071,1210,12.1
51570,1211,12.11
51053,1211,12.11
16063,1211,12.11
8061,1212,12.12
55107,1212,12.12
38093,1212,12.12
39129,1213,12.13
6063,1213,12.13
16003,1214,12.14
16059,1214,12.14
21163,1214,12.14
41071,1214,12.14
48015,1215,12.15
56005,1216,12.16
27001,1216,12.16
25015,1216,12.16
12099,1217,12.17
36099,1217,12.17
46055,1218,12.18
54003,1218,12.18
29063,1219,12.19
27061,1219,12.19
37021,1220,12.2
40011,1220,12.2
48095,1221,12.21
1115,1221,12.21
12103,1222,12.22
5085,1223,12.23
12129,1223,12.23
36081,1223,12.23
31179,1223,12.23
34007,1224,12.24
31147,1224,12.24
48077,1224,12.24
18131,1224,12.24
24043,1225,12.25
27027,1226,12.26
48111,1226,12.26
39019,1228,12.28
30101,1228,12.28
48287,1229,12.29
17021,1229,12.29
54073,1230,12.3
31021,1230,12.3
42043,1231,12.31
55059,1231,12.31
23015,1231,12.31
48503,1232,12.32
39013,1233,12.33
30081,1233,12.33
42061,1235,12.35
20055,1235,12.35
21073,1236,12.36
20137,1236,12.36
46075,1236,12.36
30071,1236,12.36
49025,1236,12.36
38083,1237,12.37
27095,1237,12.37
17011,1238,12.38
18039,1239,12.39
55023,1239,12.39
42111,1239,12.39
47167,1240,12.4
18049,1240,12.4
20031,1240,12.4
27149,1241,12.41
12035,1241,12.41
13029,1241,12.41
13111,1241,12.41
48167,1241,12.41
34033,1241,12.41
31163,1241,12.41
49033,1242,12.42
18093,1242,12.42
22063,1242,12.42
19063,1242,12.42
51097,1243,12.43
56007,1243,12.43
55101,1243,12.43
41015,1243,12.43
55013,1243,12.43
42107,1244,12.44
41001,1244,12.44
31101,1245,12.45
17001,1245,12.45
17075,1245,12.45
22121,1246,12.46
18023,1247,12.47
1089,1248,12.48
17103,1249,12.49
38071,1249,12.49
42077,1249,12.49
6079,1250,12.5
33007,1251,12.51
31109,1251,12.51
31001,1251,12.51
40093,1252,12.52
48475,1252,12.52
27151,1252,12.52
20185,1252,12.52
16013,1253,12.53
19143,1253,12.53
54093,1253,12.53
39017,1253,12.53
37101,1253,12.53
31053,1253,12.53
45063,1254,12.54
53043,1254,12.54
48081,1254,12.54
49047,1255,12.55
49027,1256,12.56
29107,1256,12.56
54069,1256,12.56
8075,1256,12.56
19025,1257,12.57
48049,1258,12.58
50005,1259,12.59
27031,1259,12.59
37137,1260,12.6
49023,1260,12.6
30067,1261,12.61
13013,1261,12.61
53003,1262,12.62
42123,1263,12.63
18021,1263,12.63
41053,1264,12.64
48217,1265,12.65
31047,1266,12.66
30065,1266,12.66
53051,1267,12.67
56003,1267,12.67
26147,1268,12.68
19193,1268,12.68
17157,1269,12.69
46081,1269,12.69
30045,1269,12.69
31037,1270,12.7
8027,1270,12.7
42015,1271,12.71
55125,1271,12.71
12101,1273,12.73
46079,1274,12.74
35043,1275,12.75
26109,1275,12.75
6109,1275,12.75
13177,1276,12.76
16035,1278,12.78
18009,1278,12.78
39133,1279,12.79
29121,1280,12.8
13221,1280,12.8
12067,1281,12.81
23011,1281,12.81
35049,1281,12.81
39147,1281,12.81
39157,1281,12.81
48341,1282,12.82
13097,1282,12.82
19177,1282,12.82
18111,1283,12.83
47065,1283,12.83
30075,1283,12.83
53059,1284,12.84
55105,1285,12.85
48097,1285,12.85
37167,1286,12.86
8031,1286,12.86
20155,1286,12.86
12045,1287,12.87
46029,1287,12.87
42121,1287,12.87
55001,1288,12.88
55063,1289,12.89
48295,1289,12.89
17187,1290,12.9
27145,1290,12.9
27169,1290,12.9
19039,1291,12.91
39173,1292,12.92
29209,1292,12.92
26041,1293,12.93
19021,1293,12.93
48379,1294,12.94
38037,1294,12.94
48099,1294,12.94
37121,1295,12.95
53031,1296,12.96
56013,1296,12.96
16043,1296,12.96
18099,1298,12.98
51125,1299,12.99
31017,1299,12.99
31009,1300,13
19091,1301,13.01
21239,1302,13.02
17171,1303,13.03
4025,1303,13.03
26063,1304,13.04
6011,1304,13.04
20061,1304,13.04
17061,1307,13.07
17069,1307,13.07
12011,1307,13.07
6053,1307,13.07
48181,1307,13.07
30011,1308,13.08
19045,1308,13.08
26141,1309,13.09
12071,1309,13.09
19097,1309,13.09
26071,1309,13.09
53041,1309,13.09
51183,1309,13.09
39083,1310,13.1
50019,1310,13.1
20021,1310,13.1
5005,1311,13.11
41057,1311,13.11
55099,1313,13.13
6087,1313,13.13
4021,1315,13.15
13247,1315,13.15
48175,1315,13.15
31183,1315,13.15
37069,1316,13.16
32001,1316,13.16
51036,1316,13.16
39077,1317,13.17
36051,1318,13.18
54009,1318,13.18
51580,1318,13.18
55075,1318,13.18
42097,1319,13.19
42113,1320,13.2
51011,1320,13.2
40151,1320,13.2
37133,1321,13.21
37035,1322,13.22
39153,1322,13.22
55067,1323,13.23
42117,1323,13.23
20013,1323,13.23
17119,1324,13.24
21093,1324,13.24
47089,1324,13.24
42039,1325,13.25
13257,1325,13.25
8033,1325,13.25
16033,1325,13.25
12131,1325,13.25
18003,1326,13.26
39073,1326,13.26
40147,1326,13.26
53071,1326,13.26
41043,1327,13.27
17191,1327,13.27
32013,1328,13.28
30099,1329,13.29
30079,1330,13.3
30013,1330,13.3
48327,1331,13.31
47125,1331,13.31
29199,1331,13.31
48361,1331,13.31
4011,1331,13.31
12111,1332,13.32
13011,1332,13.32
16069,1333,13.33
16087,1333,13.33
20073,1333,13.33
34001,1333,13.33
48417,1333,13.33
31005,1335,13.35
17099,1335,13.35
18005,1335,13.35
29035,1335,13.35
29059,1335,13.35
16075,1336,13.36
20043,1336,13.36
50009,1338,13.38
27165,1339,13.39
8051,1340,13.4
48239,1340,13.4
29219,1341,13.41
16027,1341,13.41
37087,1342,13.42
45057,1343,13.43
41055,1344,13.44
46015,1345,13.45
42087,1345,13.45
42059,1345,13.45
41013,1345,13.45
29137,1345,13.45
5013,1345,13.45
36063,1346,13.46
42105,1347,13.47
47047,1347,13.47
6035,1347,13.47
23027,1348,13.48
18077,1348,13.48
39093,1348,13.48
36049,1348,13.48
37073,1349,13.49
18007,1349,13.49
29145,1350,13.5
21037,1350,13.5
31019,1350,13.5
55129,1350,13.5
39139,1351,13.51
1037,1351,13.51
27099,1351,13.51
28057,1351,13.51
10001,1352,13.52
36017,1353,13.53
48451,1353,13.53
6083,1354,13.54
1009,1355,13.55
27105,1355,13.55
27021,1356,13.56
17177,1356,13.56
31157,1356,13.56
39151,1356,13.56
47043,1357,13.57
1083,1357,13.57
50015,1358,13.58
37003,1361,13.61
27071,1361,13.61
42081,1362,13.62
32033,1362,13.62
41063,1363,13.63
17067,1363,13.63
36043,1364,13.64
48467,1364,13.64
19069,1365,13.65
13083,1365,13.65
26131,1366,13.66
49013,1366,13.66
50025,1367,13.67
19123,1367,13.67
29173,1368,13.68
47155,1368,13.68
36101,1369,13.69
48069,1369,13.69
48057,1369,13.69
53063,1369,13.69
17079,1369,13.69
6065,1370,13.7
37135,1370,13.7
32003,1370,13.7
8079,1371,13.71
20173,1372,13.72
36073,1372,13.72
48209,1373,13.73
26137,1373,13.73
27091,1373,13.73
19187,1373,13.73
45019,1374,13.74
29227,1374,13.74
47161,1375,13.75
46103,1375,13.75
40047,1375,13.75
54031,1376,13.76
37169,1377,13.77
2013,1377,13.77
4013,1377,13.77
26075,1378,13.78
48083,1378,13.78
47035,1378,13.78
36111,1379,13.79
42073,1379,13.79
41051,1379,13.79
46033,1380,13.8
39005,1380,13.8
54057,1380,13.8
55035,1382,13.82
17149,1382,13.82
1067,1383,13.83
46089,1384,13.84
37043,1385,13.85
47145,1385,13.85
19029,1385,13.85
17199,1386,13.86
56031,1386,13.86
48027,1387,13.87
36087,1387,13.87
36015,1387,13.87
51083,1387,13.87
17053,1387,13.87
17035,1388,13.88
17117,1388,13.88
24011,1388,13.88
48197,1388,13.88
39065,1389,13.89
13207,1389,13.89
42085,1390,13.9
37059,1391,13.91
41061,1391,13.91
40081,1391,13.91
54029,1392,13.92
48075,1392,13.92
1019,1392,13.92
13153,1393,13.93
39003,1393,13.93
13139,1394,13.94
48043,1395,13.95
47117,1395,13.95
48435,1395,13.95
46047,1396,13.96
47031,1396,13.96
53045,1396,13.96
51009,1396,13.96
40083,1396,13.96
17161,1396,13.96
5023,1396,13.96
27123,1397,13.97
48253,1397,13.97
48411,1398,13.98
8125,1398,13.98
17193,1398,13.98
26161,1398,13.98
29041,1399,13.99
36039,1399,13.99
41069,1400,14
36045,1402,14.02
13169,1402,14.02
12033,1403,14.03
48223,1403,14.03
45083,1404,14.04
48395,1404,14.04
13015,1404,14.04
48461,1406,14.06
27137,1407,14.07
19003,1408,14.08
31013,1408,14.08
55103,1409,14.09
48291,1410,14.1
12053,1410,14.1
18075,1410,14.1
36067,1411,14.11
48177,1412,14.12
53073,1412,14.12
37141,1413,14.13
20035,1413,14.13
20205,1413,14.13
27083,1414,14.14
17005,1415,14.15
29089,1415,14.15
17137,1416,14.16
17091,1417,14.17
21167,1418,14.18
19111,1418,14.18
51163,1418,14.18
46035,1420,14.2
36029,1420,14.2
26165,1420,14.2
39167,1421,14.21
53065,1422,14.22
8077,1422,14.22
26157,1422,14.22
26113,1423,14.23
19175,1423,14.23
20159,1423,14.23
41047,1423,14.23
51141,1423,14.23
21111,1424,14.24
21021,1424,14.24
12127,1425,14.25
29123,1425,14.25
16031,1426,14.26
40137,1426,14.26
18055,1427,14.27
30063,1427,14.27
20139,1427,14.27
37077,1428,14.28
35021,1429,14.29
26007,1429,14.29
47003,1430,14.3
39029,1431,14.31
37175,1431,14.31
16083,1431,14.31
17125,1431,14.31
13149,1432,14.32
27159,1433,14.33
16049,1434,14.34
46053,1434,14.34
26117,1435,14.35
17031,1437,14.37
13121,1437,14.37
39031,1437,14.37
53015,1438,14.38
36055,1439,14.39
48415,1440,14.4
53027,1442,14.42
47051,1442,14.42
13291,1442,14.42
37071,1445,14.45
12031,1446,14.46
8043,1447,14.47
18139,1447,14.47
56045,1447,14.47
51067,1447,14.47
48263,1448,14.48
41049,1448,14.48
29101,1448,14.48
21055,1449,14.49
29033,1450,14.5
20057,1450,14.5
18121,1451,14.51
19067,1451,14.51
6077,1451,14.51
54051,1451,14.51
53009,1452,14.52
5053,1452,14.52
17167,1453,14.53
22003,1454,14.54
47093,1454,14.54
42033,1455,14.55
8065,1455,14.55
29061,1455,14.55
16017,1456,14.56
12057,1456,14.56
18017,1456,14.56
55051,1456,14.56
48233,1456,14.56
31061,1457,14.57
51191,1457,14.57
40149,1457,14.57
21139,1457,14.57
1077,1458,14.58
45007,1458,14.58
12005,1459,14.59
19133,1459,14.59
28081,1461,14.61
51035,1461,14.61
27029,1462,14.62
18071,1463,14.63
51133,1463,14.63
35015,1463,14.63
48499,1463,14.63
21123,1464,14.64
1103,1464,14.64
29095,1465,14.65
41019,1465,14.65
51620,1466,14.66
5039,1466,14.66
5009,1466,14.66
6067,1467,14.67
46011,1467,14.67
42013,1467,14.67
38045,1468,14.68
17057,1468,14.68
12013,1468,14.68
29213,1469,14.69
31045,1470,14.7
40057,1470,14.7
42069,1470,14.7
40123,1470,14.7
48365,1472,14.72
48153,1472,14.72
17159,1473,14.73
18135,1474,14.74
21049,1474,14.74
42079,1474,14.74
47103,1474,14.74
46049,1475,14.75
48129,1475,14.75
47055,1476,14.76
8073,1476,14.76
29029,1476,14.76
17163,1476,14.76
29217,1477,14.77
48013,1477,14.77
51155,1477,14.77
17017,1478,14.78
20123,1478,14.78
5117,1479,14.79
21077,1479,14.79
5015,1480,14.8
39027,1480,14.8
39101,1481,14.81
12097,1481,14.81
23019,1481,14.81
29075,1481,14.81
26013,1482,14.82
20141,1482,14.82
48421,1482,14.82
53025,1483,14.83
18149,1483,14.83
18117,1484,14.84
51197,1484,14.84
21105,1485,14.85
12095,1485,14.85
26149,1485,14.85
26159,1485,14.85
1043,1487,14.87
18143,1487,14.87
36077,1487,14.87
48001,1488,14.88
48235,1488,14.88
47037,1488,14.88
26031,1488,14.88
13143,1488,14.88
18067,1490,14.9
39023,1490,14.9
36035,1490,14.9
31119,1490,14.9
51193,1491,14.91
6037,1491,14.91
12121,1493,14.93
49041,1493,14.93
48369,1493,14.93
45055,1494,14.94
45003,1494,14.94
17113,1494,14.94
19179,1494,14.94
29045,1495,14.95
18165,1495,14.95
26077,1495,14.95
39033,1495,14.95
40143,1496,14.96
48275,1498,14.98
40085,1498,14.98
26127,1498,14.98
47139,1499,14.99
42037,1500,15
36019,1500,15
28003,1500,15
17105,1501,15.01
29105,1501,15.01
20003,1501,15.01
45051,1501,15.01
40037,1502,15.02
48495,1503,15.03
49039,1503,15.03
48469,1504,15.04
48151,1505,15.05
55057,1505,15.05
48389,1505,15.05
26105,1505,15.05
29007,1506,15.06
13051,1506,15.06
1031,1507,15.07
13187,1507,15.07
18065,1508,15.08
5065,1509,15.09
28037,1509,15.09
29169,1509,15.09
13137,1509,15.09
51139,1509,15.09
45081,1509,15.09
37011,1510,15.1
8085,1511,15.11
28145,1511,15.11
6099,1511,15.11
26151,1512,15.12
13089,1512,15.12
13147,1512,15.12
37027,1512,15.12
48371,1513,15.13
8083,1513,15.13
29163,1514,15.14
37143,1514,15.14
48441,1514,15.14
36105,1515,15.15
42065,1515,15.15
53021,1515,15.15
55043,1515,15.15
23017,1515,15.15
1041,1516,15.16
29017,1516,15.16
37127,1516,15.16
37063,1517,15.17
54071,1517,15.17
21177,1517,15.17
48357,1518,15.18
56017,1518,15.18
51650,1518,15.18
37151,1519,15.19
48407,1519,15.19
1001,1519,15.19
18091,1519,15.19
6043,1519,15.19
40049,1520,15.2
26069,1521,15.21
20005,1522,15.22
37049,1522,15.22
44007,1523,15.23
21229,1524,15.24
34017,1525,15.25
48165,1526,15.26
54063,1526,15.26
51081,1527,15.27
42023,1527,15.27
40059,1527,15.27
31151,1527,15.27
18103,1528,15.28
48399,1528,15.28
21017,1529,15.29
16039,1530,15.3
39015,1530,15.3
48301,1531,15.31
54033,1531,15.31
13305,1531,15.31
31091,1533,15.33
51700,1533,15.33
17151,1534,15.34
30107,1535,15.35
49005,1535,15.35
48423,1536,15.36
54077,1536,15.36
48113,1536,15.36
47115,1537,15.37
35019,1537,15.37
21007,1537,15.37
37197,1538,15.38
13281,1539,15.39
29115,1539,15.39
18119,1539,15.39
24045,1539,15.39
20009,1539,15.39
37057,1540,15.4
36097,1540,15.4
42021,1540,15.4
45065,1541,15.41
37113,1542,15.42
47179,1542,15.42
5109,1542,15.42
5037,1545,15.45
48331,1545,15.45
26121,1546,15.46
17175,1546,15.46
1033,1547,15.47
6101,1547,15.47
36065,1547,15.47
40099,1547,15.47
22051,1548,15.48
6115,1548,15.48
20051,1549,15.49
13159,1550,15.5
22011,1551,15.51
51169,1551,15.51
51630,1552,15.52
41029,1552,15.52
18083,1552,15.52
18141,1552,15.52
29187,1552,15.52
13039,1553,15.53
48455,1553,15.53
42035,1554,15.54
13217,1554,15.54
16025,1555,15.55
17201,1556,15.56
18089,1557,15.57
22057,1558,15.58
20039,1558,15.58
39121,1558,15.58
53039,1558,15.58
48333,1560,15.6
15001,1560,15.6
47085,1562,15.62
13213,1563,15.63
17143,1564,15.64
21213,1564,15.64
40113,1564,15.64
48337,1565,15.65
5075,1565,15.65
26103,1565,15.65
48413,1566,15.66
5145,1569,15.69
34031,1569,15.69
12017,1570,15.7
21005,1570,15.7
37139,1570,15.7
39049,1571,15.71
48019,1571,15.71
48201,1571,15.71
48029,1572,15.72
21079,1573,15.73
54017,1574,15.74
51029,1575,15.75
39061,1576,15.76
29039,1576,15.76
21145,1578,15.78
48035,1578,15.78
12023,1579,15.79
21143,1580,15.8
34013,1580,15.8
37085,1580,15.8
37081,1580,15.8
26017,1581,15.81
19013,1581,15.81
26023,1581,15.81
24019,1581,15.81
8055,1582,15.82
35025,1582,15.82
36061,1583,15.83
47053,1583,15.83
5101,1583,15.83
12105,1583,15.83
30027,1583,15.83
47015,1584,15.84
47023,1584,15.84
51181,1585,15.85
40105,1586,15.86
29025,1586,15.86
40117,1588,15.88
31075,1589,15.89
48409,1590,15.9
13313,1591,15.91
13179,1591,15.91
30089,1593,15.93
37159,1593,15.93
54053,1593,15.93
47163,1594,15.94
6071,1595,15.95
40109,1596,15.96
8099,1597,15.97
37041,1598,15.98
54025,1600,16
39067,1600,16
53049,1600,16
48189,1601,16.01
47011,1601,16.01
37129,1602,16.02
48123,1602,16.02
42049,1602,16.02
1073,1602,16.02
35011,1603,16.03
48459,1603,16.03
40045,1603,16.03
39119,1604,16.04
40031,1607,16.07
55123,1607,16.07
48231,1607,16.07
17145,1607,16.07
21149,1607,16.07
20077,1607,16.07
37145,1608,16.08
51143,1609,16.09
37105,1609,16.09
40019,1609,16.09
16073,1609,16.09
12083,1609,16.09
23003,1609,16.09
20011,1610,16.1
13237,1610,16.1
19057,1611,16.11
42083,1611,16.11
48353,1613,16.13
37001,1613,16.13
5081,1613,16.13
13295,1614,16.14
26021,1614,16.14
54105,1615,16.15
41011,1615,16.15
46005,1616,16.16
28115,1616,16.16
28059,1618,16.18
26135,1618,16.18
30051,1618,16.18
38035,1618,16.18
45037,1619,16.19
40125,1619,16.19
29205,1619,16.19
16061,1619,16.19
39047,1620,16.2
55113,1621,16.21
48117,1622,16.22
26059,1622,16.22
29117,1623,16.23
31043,1623,16.23
29195,1624,16.24
11001,1624,16.24
17101,1624,16.24
45079,1624,16.24
47185,1625,16.25
51840,1626,16.26
42031,1627,16.27
41041,1627,16.27
29139,1627,16.27
16047,1627,16.27
26039,1628,16.28
37009,1628,16.28
42063,1629,16.29
48237,1631,16.31
2068,1631,16.31
20107,1633,16.33
48045,1633,16.33
26097,1636,16.36
18177,1636,16.36
29159,1637,16.37
32023,1637,16.37
29175,1637,16.37
37115,1637,16.37
54049,1637,16.37
37199,1637,16.37
29031,1638,16.38
4015,1638,16.38
25013,1639,16.39
16005,1639,16.39
5143,1639,16.39
20007,1639,16.39
29077,1640,16.4
36023,1640,16.4
21081,1640,16.4
54021,1640,16.4
51111,1642,16.42
37171,1643,16.43
26025,1643,16.43
5055,1644,16.44
35003,1645,16.45
48073,1645,16.45
29167,1646,16.46
48391,1647,16.47
48179,1649,16.49
48219,1649,16.49
34011,1649,16.49
36009,1650,16.5
17025,1650,16.5
49017,1650,16.5
48473,1652,16.52
12065,1652,16.52
18095,1653,16.53
48457,1653,16.53
2164,1655,16.55
24001,1655,16.55
29081,1655,16.55
26119,1655,16.55
48355,1657,16.57
48037,1658,16.58
21059,1658,16.58
17037,1658,16.58
17135,1658,16.58
36025,1658,16.58
40043,1660,16.6
4003,1661,16.61
26123,1662,16.62
30037,1662,16.62
45077,1662,16.62
54075,1662,16.62
5031,1663,16.63
54095,1664,16.64
39113,1665,16.65
5149,1665,16.65
5003,1666,16.66
26153,1666,16.66
37039,1666,16.66
47059,1667,16.67
5045,1667,16.67
26079,1667,16.67
18163,1668,16.68
5063,1669,16.69
35001,1669,16.69
6089,1669,16.69
13197,1669,16.69
40009,1669,16.69
26143,1672,16.72
16067,1672,16.72
46037,1673,16.73
38069,1673,16.73
47001,1674,16.74
26057,1674,16.74
17127,1675,16.75
54091,1675,16.75
51820,1676,16.76
47083,1676,16.76
12077,1676,16.76
37111,1677,16.77
49007,1677,16.77
21033,1678,16.78
21227,1679,16.79
13123,1679,16.79
18001,1680,16.8
51057,1680,16.8
51740,1680,16.8
21067,1681,16.81
4019,1681,16.81
40121,1682,16.82
47175,1682,16.82
54107,1682,16.82
48447,1683,16.83
40025,1683,16.83
5119,1683,16.83
37067,1684,16.84
16007,1685,16.85
29109,1685,16.85
21039,1685,16.85
21089,1686,16.86
29131,1687,16.87
20175,1687,16.87
36003,1688,16.88
35061,1688,16.88
48485,1689,16.89
48307,1690,16.9
26051,1690,16.9
29211,1693,16.93
1111,1693,16.93
47121,1693,16.93
21113,1694,16.94
20111,1695,16.95
47099,1695,16.95
48349,1696,16.96
17115,1696,16.96
29171,1696,16.96
8081,1697,16.97
16045,1697,16.97
48185,1697,16.97
40095,1697,16.97
48087,1698,16.98
21141,1698,16.98
29125,1699,16.99
26095,1699,16.99
36075,1700,17
48283,1700,17
8105,1701,17.01
26053,1701,17.01
26001,1702,17.02
28015,1702,17.02
17081,1703,17.03
49021,1703,17.03
30087,1704,17.04
22093,1705,17.05
37075,1705,17.05
30015,1709,17.09
12086,1709,17.09
48213,1709,17.09
39111,1710,17.1
29097,1710,17.1
28109,1710,17.1
26129,1710,17.1
40013,1711,17.11
29185,1712,17.12
13195,1712,17.12
26011,1714,17.14
31161,1714,17.14
49031,1715,17.15
5033,1716,17.16
2070,1718,17.18
12041,1718,17.18
13249,1718,17.18
54039,1719,17.19
47133,1719,17.19
19185,1720,17.2
30103,1722,17.22
31117,1722,17.22
29021,1722,17.22
48297,1722,17.22
22015,1723,17.23
17051,1723,17.23
28039,1724,17.24
39155,1724,17.24
51159,1725,17.25
1017,1725,17.25
22115,1725,17.25
29127,1726,17.26
29085,1726,17.26
21223,1727,17.27
53019,1727,17.27
42051,1727,17.27
40065,1728,17.28
40129,1728,17.28
16009,1728,17.28
1029,1728,17.28
22111,1729,17.29
29079,1730,17.3
2198,1730,17.3
22019,1730,17.3
13045,1730,17.3
47111,1730,17.3
47063,1731,17.31
40071,1731,17.31
48193,1732,17.32
55041,1732,17.32
22055,1732,17.32
39141,1733,17.33
48227,1733,17.33
55003,1735,17.35
5001,1735,17.35
30053,1738,17.38
48203,1738,17.38
48195,1739,17.39
53077,1739,17.39
1055,1739,17.39
30093,1741,17.41
5087,1741,17.41
36007,1741,17.41
22095,1743,17.43
12043,1744,17.44
48277,1744,17.44
28095,1745,17.45
37173,1746,17.46
39035,1746,17.46
22037,1747,17.47
1093,1748,17.48
39081,1749,17.49
51185,1750,17.5
39099,1751,17.51
6021,1751,17.51
45073,1752,17.52
8109,1755,17.55
21097,1756,17.56
1035,1759,17.59
48481,1759,17.59
47039,1760,17.6
22113,1760,17.6
4005,1760,17.6
5029,1760,17.6
27013,1761,17.61
41039,1762,17.62
1133,1763,17.63
13191,1765,17.65
1045,1765,17.65
19007,1765,17.65
45071,1765,17.65
48289,1765,17.65
48245,1766,17.66
1125,1766,17.66
30001,1767,17.67
20001,1768,17.68
48449,1768,17.68
54035,1768,17.68
48255,1769,17.69
37193,1769,17.69
37123,1770,17.7
19047,1770,17.7
20089,1771,17.71
17121,1773,17.73
45053,1774,17.74
48005,1774,17.74
29015,1775,17.75
48343,1777,17.77
36033,1778,17.78
29197,1778,17.78
21161,1779,17.79
18097,1780,17.8
6045,1780,17.8
21191,1780,17.8
47069,1780,17.8
47033,1783,17.83
51049,1783,17.83
21023,1783,17.83
54027,1784,17.84
29225,1785,17.85
41059,1786,17.86
47159,1787,17.87
36089,1787,17.87
45043,1788,17.88
21217,1789,17.89
5105,1789,17.89
1015,1790,17.9
29019,1791,17.91
41031,1791,17.91
37161,1793,17.93
18025,1793,17.93
26133,1793,17.93
13255,1794,17.94
48463,1794,17.94
20049,1795,17.95
1027,1795,17.95
13023,1797,17.97
17181,1798,17.98
26145,1799,17.99
18053,1800,18
20045,1800,18
48183,1801,18.01
47181,1801,18.01
53037,1802,18.02
51131,1803,18.03
22033,1803,18.03
1079,1803,18.03
16023,1804,18.04
5059,1804,18.04
13129,1804,18.04
21087,1805,18.05
48161,1806,18.06
47171,1806,18.06
39087,1807,18.07
28137,1807,18.07
16057,1808,18.08
37023,1808,18.08
13241,1808,18.08
51089,1808,18.08
37033,1809,18.09
19103,1810,18.1
47057,1810,18.1
42053,1810,18.1
48363,1810,18.1
41023,1811,18.11
41033,1812,18.12
40097,1812,18.12
1007,1813,18.13
13127,1814,18.14
1127,1815,18.15
37157,1815,18.15
42027,1816,18.16
40039,1816,18.16
17095,1817,18.17
21061,1817,18.17
48373,1818,18.18
25025,1819,18.19
5089,1820,18.2
22075,1820,18.2
6031,1820,18.2
36013,1820,18.2
1069,1823,18.23
48305,1823,18.23
22047,1824,18.24
29207,1824,18.24
21173,1825,18.25
40033,1825,18.25
28073,1826,18.26
21103,1826,18.26
48483,1829,18.29
48133,1830,18.3
20187,1830,18.3
51135,1831,18.31
54067,1832,18.32
40041,1833,18.33
54085,1833,18.33
8029,1834,18.34
35055,1834,18.34
13233,1835,18.35
28161,1837,18.37
37051,1837,18.37
48143,1837,18.37
22091,1838,18.38
16037,1839,18.39
13115,1839,18.39
5025,1839,18.39
41037,1839,18.39
47041,1840,18.4
26033,1840,18.4
20099,1840,18.4
45041,1841,18.41
19053,1842,18.42
28041,1842,18.42
47123,1843,18.43
54087,1843,18.43
48067,1846,18.46
28045,1847,18.47
29055,1848,18.48
48241,1849,18.49
5131,1850,18.5
8071,1851,18.51
5141,1851,18.51
20019,1851,18.51
54083,1851,18.51
48063,1851,18.51
23021,1853,18.53
13209,1854,18.54
47113,1854,18.54
21101,1855,18.55
21027,1856,18.56
47045,1856,18.56
40035,1857,18.57
51147,1857,18.57
13063,1857,18.57
1071,1858,18.58
29119,1858,18.58
30041,1858,18.58
47017,1858,18.58
1039,1859,18.59
22085,1859,18.59
29111,1861,18.61
12055,1861,18.61
6033,1861,18.61
5051,1862,18.62
54081,1862,18.62
37013,1863,18.63
30061,1863,18.63
13171,1864,18.64
48105,1864,18.64
40077,1865,18.65
28077,1865,18.65
22127,1868,18.68
39131,1868,18.68
37099,1870,18.7
5083,1871,18.71
21219,1871,18.71
21003,1872,18.72
18157,1872,18.72
39095,1872,18.72
20125,1872,18.72
45001,1872,18.72
45085,1872,18.72
47081,1873,18.73
51710,1875,18.75
39079,1877,18.77
12037,1878,18.78
1097,1878,18.78
29103,1879,18.79
20133,1879,18.79
47075,1880,18.8
5121,1881,18.81
22043,1881,18.81
6049,1881,18.81
6093,1881,18.81
5043,1883,18.83
47077,1883,18.83
47109,1884,18.84
5115,1884,18.84
28093,1884,18.84
22099,1885,18.85
31133,1885,18.85
48303,1886,18.86
48055,1887,18.87
51173,1887,18.87
13125,1887,18.87
21019,1887,18.87
21183,1888,18.88
1123,1888,18.88
8101,1889,18.89
28129,1889,18.89
27007,1889,18.89
36109,1889,18.89
21151,1889,18.89
13183,1889,18.89
17183,1891,18.91
13263,1892,18.92
23029,1892,18.92
26049,1894,18.94
40015,1894,18.94
47141,1895,18.95
48321,1895,18.95
55079,1897,18.97
39163,1897,18.97
18155,1897,18.97
17169,1899,18.99
46023,1899,18.99
51117,1899,18.99
51001,1900,19
13321,1900,19
8115,1900,19
18041,1901,19.01
16053,1902,19.02
28111,1902,19.02
48279,1902,19.02
6105,1903,19.03
8009,1903,19.03
18167,1906,19.06
1121,1906,19.06
6007,1907,19.07
40061,1907,19.07
6113,1908,19.08
5139,1909,19.09
22053,1909,19.09
21187,1909,19.09
47073,1909,19.09
41003,1909,19.09
1021,1912,19.12
28023,1912,19.12
5127,1913,19.13
39127,1914,19.14
48309,1915,19.15
48445,1918,19.18
13275,1918,19.18
20209,1918,19.18
22007,1918,19.18
48315,1919,19.19
47087,1919,19.19
48487,1920,19.2
39115,1924,19.24
21031,1926,19.26
16021,1928,19.28
30073,1928,19.28
47107,1928,19.28
47143,1931,19.31
13289,1931,19.31
1101,1935,19.35
21107,1935,19.35
47157,1935,19.35
45021,1936,19.36
28127,1936,19.36
13055,1938,19.38
39071,1939,19.39
5061,1939,19.39
16079,1939,19.39
12063,1940,19.4
1059,1941,19.41
35059,1941,19.41
4027,1943,19.43
30047,1943,19.43
35005,1944,19.44
29179,1944,19.44
1057,1944,19.44
48293,1944,19.44
17055,1946,19.46
6015,1947,19.47
47101,1947,19.47
41035,1947,19.47
40111,1947,19.47
37007,1948,19.48
46123,1950,19.5
51680,1951,19.51
47005,1952,19.52
13133,1952,19.52
53047,1953,19.53
22079,1957,19.57
1081,1959,19.59
21047,1959,19.59
48271,1959,19.59
21083,1960,19.6
20207,1960,19.6
20093,1961,19.61
26065,1962,19.62
40139,1963,19.63
45023,1964,19.64
39105,1964,19.64
13025,1964,19.64
48387,1965,19.65
48125,1968,19.68
48169,1970,19.7
51005,1972,19.72
22101,1973,19.73
6003,1973,19.73
28141,1974,19.74
47153,1974,19.74
37117,1975,19.75
36057,1977,19.77
28131,1979,19.79
37185,1979,19.79
54055,1979,19.79
13053,1980,19.8
5137,1983,19.83
29201,1983,19.83
32021,1985,19.85
40141,1985,19.85
28019,1986,19.86
39059,1988,19.88
21069,1989,19.89
39007,1989,19.89
6039,1994,19.94
36047,1995,19.95
13069,1995,19.95
13079,1995,19.95
28139,1997,19.97
21159,1997,19.97
35033,1997,19.97
21203,1999,19.99
45031,2000,20
47137,2001,20.01
17019,2001,20.01
35007,2001,20.01
22059,2001,20.01
20189,2001,20.01
5079,2003,20.03
48119,2005,20.05
5091,2006,20.06
28047,2009,20.09
47071,2010,20.1
48403,2010,20.1
46109,2011,20.11
47079,2012,20.12
6023,2012,20.12
29221,2013,20.13
26061,2015,20.15
56027,2015,20.15
48141,2019,20.19
30023,2024,20.24
40055,2025,20.25
37191,2025,20.25
28009,2026,20.26
47183,2027,20.27
28107,2029,20.29
5019,2029,20.29
29011,2030,20.3
48465,2030,20.3
37195,2031,20.31
1095,2031,20.31
13239,2031,20.31
45059,2032,20.32
20037,2034,20.34
37093,2035,20.35
23025,2036,20.36
37045,2036,20.36
40133,2037,20.37
35037,2037,20.37
48207,2037,20.37
48375,2039,20.39
29067,2039,20.39
51025,2041,20.41
21225,2043,20.43
40127,2044,20.44
28087,2044,20.44
21011,2045,20.45
17153,2047,20.47
45049,2047,20.47
28153,2048,20.48
5011,2051,20.51
12073,2051,20.51
46085,2051,20.51
54019,2051,20.51
21001,2054,20.54
40005,2056,20.56
47049,2056,20.56
28017,2057,20.57
48429,2059,20.59
22109,2060,20.6
48025,2061,20.61
29161,2062,20.62
13181,2062,20.62
28149,2063,20.63
54097,2064,20.64
48107,2065,20.65
45025,2065,20.65
1075,2065,20.65
12075,2065,20.65
39001,2066,20.66
13215,2067,20.67
37131,2067,20.67
39053,2070,20.7
1113,2070,20.7
5049,2071,20.71
40079,2073,20.73
40115,2074,20.74
40063,2074,20.74
56001,2074,20.74
51830,2074,20.74
45017,2076,20.76
54061,2076,20.76
45047,2077,20.77
51770,2077,20.77
40091,2077,20.77
17029,2078,20.78
54001,2080,20.8
28075,2082,20.82
17059,2085,20.85
37181,2085,20.85
12125,2085,20.85
45039,2087,20.87
37163,2089,20.89
40069,2090,20.9
35009,2093,20.93
22077,2093,20.93
51077,2093,20.93
19169,2094,20.94
13293,2095,20.95
35045,2096,20.96
26085,2099,20.99
28085,2100,21
6029,2100,21
47013,2100,21
12093,2103,21.03
40101,2105,21.05
47131,2105,21.05
29009,2106,21.06
17165,2106,21.06
28043,2107,21.07
1049,2108,21.08
13265,2110,21.1
22087,2111,21.11
1129,2112,21.12
29083,2112,21.12
5021,2112,21.12
54041,2113,21.13
51167,2113,21.13
47097,2115,21.15
12123,2116,21.16
37061,2120,21.2
6047,2120,21.2
24510,2121,21.21
26107,2123,21.23
12029,2124,21.24
21137,2126,21.26
13285,2128,21.28
28049,2128,21.28
5133,2128,21.28
5097,2130,21.3
48007,2130,21.3
13105,2133,21.33
12001,2135,21.35
21057,2137,21.37
40067,2139,21.39
21197,2139,21.39
5111,2145,21.45
22105,2145,21.45
40135,2148,21.48
21099,2149,21.49
29057,2151,21.51
21035,2152,21.52
2180,2155,21.55
28013,2157,21.57
4007,2159,21.59
13035,2161,21.61
45087,2161,21.61
24039,2167,21.67
13201,2167,21.67
28067,2168,21.68
8021,2171,21.71
54013,2172,21.72
54089,2174,21.74
47177,2174,21.74
45029,2176,21.76
48225,2179,21.79
41045,2179,21.79
13091,2180,21.8
29510,2183,21.83
18035,2187,21.87
47151,2187,21.87
5129,2188,21.88
28117,2189,21.89
1091,2190,21.9
22123,2192,21.92
37091,2193,21.93
17109,2194,21.94
22031,2195,21.95
47173,2196,21.96
54007,2197,21.97
1061,2201,22.01
29147,2203,22.03
13161,2204,22.04
40029,2205,22.05
51195,2205,22.05
6103,2206,22.06
40021,2206,22.06
28071,2207,22.07
13229,2209,22.09
47019,2209,22.09
35035,2210,22.1
5077,2210,22.1
13107,2211,22.11
22045,2212,22.12
22025,2214,22.14
54103,2214,22.14
1053,2215,22.15
13235,2216,22.16
13033,2216,22.16
13141,2217,22.17
5069,2220,22.2
29143,2220,22.2
12007,2221,22.21
13225,2221,22.21
28155,2221,22.21
5035,2222,22.22
5135,2224,22.24
48267,2226,22.26
37187,2227,22.27
29091,2227,22.27
13303,2229,22.29
28061,2229,22.29
29093,2230,22.3
54011,2230,22.3
26163,2231,22.31
20161,2238,22.38
51590,2238,22.38
54109,2238,22.38
13131,2239,22.39
48471,2240,22.4
13307,2241,22.41
29065,2241,22.41
47025,2243,22.43
46027,2243,22.43
4012,2244,22.44
13251,2245,22.45
13001,2249,22.49
1013,2250,22.5
37177,2250,22.5
39145,2255,22.55
6019,2255,22.55
13167,2260,22.6
4009,2260,22.6
51520,2262,22.62
48419,2264,22.64
13027,2267,22.67
21115,2268,22.68
47061,2268,22.68
5057,2269,22.69
45067,2269,22.69
21199,2271,22.71
40089,2271,22.71
5071,2272,22.72
1107,2272,22.72
26035,2272,22.72
21175,2275,22.75
12039,2277,22.77
48131,2279,22.79
12059,2280,22.8
22049,2283,22.83
47129,2283,22.83
54043,2283,22.83
37047,2284,22.84
37079,2286,22.86
13007,2289,22.89
48191,2289,22.89
13199,2291,22.91
13119,2293,22.93
45027,2293,22.93
37147,2295,22.95
21233,2295,22.95
5047,2300,23
13245,2302,23.02
21155,2305,23.05
5099,2308,23.08
28159,2309,23.09
13173,2312,23.12
13205,2312,23.12
54005,2312,23.12
37015,2315,23.15
13267,2317,23.17
5103,2317,23.17
37107,2318,23.18
21125,2320,23.2
21169,2320,23.2
48249,2320,23.2
1025,2321,23.21
21207,2323,23.23
51760,2323,23.23
54099,2324,23.24
47007,2325,23.25
48163,2326,23.26
27087,2326,23.26
4023,2326,23.26
13279,2331,23.31
29141,2332,23.32
22017,2333,23.33
13277,2334,23.34
1023,2335,23.35
45009,2337,23.37
13319,2339,23.39
48425,2339,23.39
37005,2342,23.42
47029,2348,23.48
18105,2351,23.51
8003,2353,23.53
51121,2354,23.54
21235,2355,23.55
12107,2359,23.59
51670,2362,23.62
13009,2364,23.64
45075,2364,23.64
13317,2365,23.65
22071,2365,23.65
8089,2367,23.67
35057,2370,23.7
21165,2371,23.71
51037,2371,23.71
37065,2373,23.73
29023,2373,23.73
13253,2373,23.73
13005,2376,23.76
29149,2377,23.77
6107,2379,23.79
21171,2379,23.79
5113,2380,23.8
51640,2381,23.81
29001,2382,23.82
13155,2387,23.87
51690,2390,23.9
40075,2396,23.96
13189,2396,23.96
35017,2396,23.96
28147,2399,23.99
28143,2399,23.99
28029,2400,24
13075,2401,24.01
35039,2405,24.05
51730,2407,24.07
21041,2408,24.08
6025,2409,24.09
51540,2409,24.09
13101,2411,24.11
13093,2412,24.12
12049,2413,24.13
29223,2414,24.14
21053,2414,24.14
12133,2415,24.15
28031,2417,24.17
1065,2418,24.18
22001,2418,24.18
13019,2419,24.19
21009,2422,24.22
13315,2423,24.23
29229,2424,24.24
5093,2432,24.32
37095,2433,24.33
37017,2433,24.33
42101,2434,24.34
13087,2435,24.35
5067,2436,24.36
22009,2436,24.36
48041,2437,24.37
22117,2439,24.39
13185,2440,24.4
21135,2441,24.41
1087,2442,24.42
1109,2443,24.43
48351,2443,24.43
48229,2445,24.45
37103,2447,24.47
13163,2463,24.63
22073,2471,24.71
48385,2471,24.71
48347,2477,24.77
48405,2480,24.8
47091,2486,24.86
13071,2488,24.88
5123,2489,24.89
13299,2490,24.9
35041,2491,24.91
13021,2492,24.92
28065,2493,24.93
21195,2494,24.94
49037,2495,24.95
5027,2499,24.99
45005,2501,25.01
45061,2503,25.03
22029,2505,25.05
22021,2514,25.14
48437,2515,25.15
37153,2516,25.16
13049,2518,25.18
5147,2521,25.21
21231,2526,25.26
29133,2527,25.27
17003,2528,25.28
12051,2530,25.3
29215,2532,25.32
22081,2533,25.33
21043,2534,25.34
37189,2535,25.35
2290,2536,25.36
29181,2539,25.39
21085,2542,25.42
54045,2542,25.42
13193,2546,25.46
21045,2547,25.47
51105,2548,25.48
30003,2551,25.51
28091,2552,25.52
31173,2552,25.52
28123,2553,25.53
51530,2553,25.53
28025,2554,25.54
48079,2556,25.56
53001,2561,25.61
28101,2563,25.63
28099,2565,25.65
51051,2568,25.68
29069,2570,25.7
13309,2572,25.72
35023,2579,25.79
37083,2580,25.8
13269,2583,25.83
5073,2590,25.9
48115,2594,25.94
28035,2595,25.95
26073,2601,26.01
54101,2607,26.07
47027,2608,26.08
21193,2611,26.11
2188,2611,26.11
35006,2613,26.13
22097,2620,26.2
40107,2631,26.31
45089,2637,26.37
45069,2637,26.37
28079,2641,26.41
35013,2642,26.42
13031,2642,26.42
48145,2647,26.47
21127,2651,26.51
17077,2651,26.51
53075,2653,26.53
35051,2665,26.65
28005,2668,26.68
28007,2668,26.68
40119,2680,26.8
1085,2681,26.81
13301,2684,26.84
12027,2684,26.84
13109,2689,26.89
47135,2694,26.94
48323,2694,26.94
51595,2697,26.97
48489,2697,26.97
5095,2708,27.08
13175,2709,27.09
13261,2710,27.1
28097,2711,27.11
21201,2712,27.12
38079,2712,27.12
48273,2718,27.18
37165,2726,27.26
13037,2729,27.29
8023,2732,27.32
51678,2735,27.35
28125,2738,27.38
29155,2739,27.39
29203,2745,27.45
54015,2746,27.46
48479,2749,27.49
13283,2749,27.49
35029,2768,27.68
37155,2770,27.7
40023,2771,27.71
40001,2780,27.8
12079,2781,27.81
8025,2788,27.88
4017,2790,27.9
21205,2792,27.92
1099,2794,27.94
36005,2801,28.01
21181,2805,28.05
45011,2814,28.14
51720,2816,28.16
21075,2824,28.24
35047,2824,28.24
2050,2826,28.26
22067,2829,28.29
21153,2829,28.29
51660,2831,28.31
30085,2834,28.34
51027,2836,28.36
22013,2842,28.42
13095,2843,28.43
28069,2853,28.53
47095,2857,28.57
47067,2857,28.57
22039,2866,28.66
54059,2871,28.71
1011,2887,28.87
5017,2888,28.88
48061,2888,28.88
13271,2891,28.91
22041,2897,28.97
1047,2907,29.07
5041,2914,29.14
21237,2920,29.2
8011,2954,29.54
29153,2957,29.57
48109,2957,29.57
13017,2962,29.62
13059,2964,29.64
35053,2968,29.68
48215,2969,29.69
22119,2983,29.83
12047,2993,29.93
1131,3005,30.05
28105,3015,30.15
39009,3016,30.16
13003,3027,30.27
21189,3032,30.32
22061,3035,30.35
13165,3046,30.46
30005,3046,30.46
22083,3046,30.46
13099,3053,30.53
21063,3058,30.58
48247,3061,30.61
1005,3067,30.67
21071,3067,30.67
13043,3079,30.79
1105,3085,30.85
21065,3085,30.85
16065,3086,30.86
48101,3091,30.91
30035,3105,31.05
21119,3123,31.23
46041,3129,31.29
28001,3155,31.55
28135,3169,31.69
28133,3172,31.72
1119,3176,31.76
28163,3183,31.83
13081,3187,31.87
38005,3191,31.91
21109,3202,32.02
22069,3230,32.3
13273,3237,32.37
28103,3246,32.46
45033,3259,32.59
13243,3289,32.89
28113,3300,33
54047,3315,33.15
21121,3324,33.24
21147,3343,33.43
13287,3358,33.58
22027,3358,33.58
21133,3365,33.65
48127,3367,33.67
48507,3378,33.78
28151,3388,33.88
21025,3442,34.42
13259,3449,34.49
5107,3454,34.54
48505,3455,34.55
21129,3460,34.6
28157,3467,34.67
48427,3471,34.71
22107,3474,34.74
28027,3476,34.76
35031,3482,34.82
28011,3495,34.95
55078,3531,35.31
4001,3546,35.46
21013,3550,35.5
28119,3561,35.61
46007,3593,35.93
21095,3598,35.98
28055,3603,36.03
51750,3631,36.31
28053,3639,36.39
22065,3645,36.45
21051,3660,36.6
28083,3675,36.75
28063,3764,37.64
21131,3800,38
1063,3810,38.1
38085,3822,38.22
48377,3898,38.98
2270,3901,39.01
2158,3901,39.01
13061,3948,39.48
46017,3966,39.66
13065,4017,40.17
28021,4105,41.05
48047,4144,41.44
28051,4235,42.35
46137,4251,42.51
22035,4460,44.6
46031,4477,44.77
46071,4539,45.39
46113,4617,46.17
46095,5281,52.81
46121,5545,55.45
